Original Data Element Name,Data Category,Updated Category,Normalized Data Element,Potential Further Normalization,Grade or Sector Variant,Roll up to Sector?,Additional Notes (Optional),(final logical name (no sector)),Proposed final
ACT completion,Academic Assessment and Performance,Postsecondary Transitions,ACT completion,,General,,,ACT completion,ACT completion
ACT score,Academic Assessment and Performance,Postsecondary Transitions,ACT score,,General,,,ACT score,ACT score
AP course passage,Academic Assessment and Performance,Postsecondary Transitions,AP course passage,"AP, IB, or Dual Credit course credits",General,,,"AP, IB, or Dual Credit course credits","AP, IB, or Dual Credit course credits"
AP credit earned (or AP test scores),Academic Assessment and Performance,Postsecondary Transitions,AP credit earned (or AP test scores),"AP, IB, or Dual Credit course credits",General,,,"AP, IB, or Dual Credit course credits","AP, IB, or Dual Credit course credits"
AP test completion,Academic Assessment and Performance,Postsecondary Transitions,AP test completion,"AP, IB, or Dual Credit course credits",General,,,"AP, IB, or Dual Credit course credits","AP, IB, or Dual Credit course credits"
Basic skills level,Academic Assessment and Performance,Workforce Transitions,Basic skills level,,General,,,Basic skills level,Basic skills level
CTE course completion,Academic Assessment and Performance,Workforce Transitions,CTE course completion,,General,,,CTE course completion,CTE course completion
Communication skills performance assessment results (K-12),Academic Assessment and Performance,Social-Emotional Learning,Communication skills performance assessments,,K-12,K-12,,Communication skills performance assessments,Communication skills performance assessments (K-12)
Communication skills performance assessment results (Postsecondary),Academic Assessment and Performance,Postsecondary Success,Communication skills performance assessments,,Postsecondary,Postsecondary,,Communication skills performance assessments,Communication skills performance assessments (Postsecondary)
Communication skills performance assessment results (Workforce),Academic Assessment and Performance,Workforce Success,Communication skills performance assessments,,Workforce,Workforce,,Communication skills performance assessments,Communication skills performance assessments (Workforce)
Course failure (Grade 9),Academic Assessment and Performance,Postsecondary Transitions,read,Course outcome,Grade 9,K-12,"For example, completion, failure, passage",Course outcome,Course outcome
Course passage or completion,Academic Assessment and Performance,Postsecondary Transitions,Course passage or completion,Course outcome,General,K-12,"For example, completion, failure, passage",Course outcome,Course outcome
Course passage or completion (Grade 9),Academic Assessment and Performance,Postsecondary Transitions,Course passage or completion,Course outcome,Grade 9,K-12,"For example, completion, failure, passage",Course outcome,Course outcome
Course performance in English (Grade 6),Academic Assessment and Performance,Postsecondary Transitions,Course performance in English,Course performance (English and Math),Grade 6,K-12,,Course performance (English and Math),Course performance (English and Math)
Course performance in English (Grade 8),Academic Assessment and Performance,Postsecondary Transitions,Course performance in English,Course performance (English and Math),Grade 8,K-12,,Course performance (English and Math),Course performance (English and Math)
Course performance in Math (Grade 6),Academic Assessment and Performance,Postsecondary Transitions,Course performance in Math,Course performance (English and Math),Grade 6,K-12,,Course performance (English and Math),Course performance (English and Math)
Course performance in Math (Grade 8),Academic Assessment and Performance,Postsecondary Transitions,Course performance in Math,Course performance (English and Math),Grade 8,K-12,,Course performance (English and Math),Course performance (English and Math)
Cultural competency assessment results (K-12),Academic Assessment and Performance,Social-Emotional Learning,Cultural competency assessments,,K-12,K-12,,Cultural competency assessments,Cultural competency assessments (K-12)
Cultural competency assessment results (Postsecondary),Academic Assessment and Performance,Postsecondary Success,Cultural competency assessments,,Postsecondary,Postsecondary,,Cultural competency assessments,Cultural competency assessments (Postsecondary)
Cultural competency assessment results (Workforce),Academic Assessment and Performance,Workforce Success,Cultural competency assessments,,Workforce,Workforce,,Cultural competency assessments,Cultural competency assessments (Workforce)
Digital skills assessment results (K-12),Academic Assessment and Performance,Postsecondary Transitions,Digital skills assessments,,K-12,K-12,,Digital skills assessments,Digital skills assessments (K-12)
Digital skills assessment results (Postsecondary),Academic Assessment and Performance,Postsecondary Success,Digital skills assessments,,Postsecondary,Postsecondary,,Digital skills assessments,Digital skills assessments (Postsecondary)
Digital skills assessment results (Workforce),Academic Assessment and Performance,Workforce Success,Digital skills assessments,,Workforce,Workforce,,Digital skills assessments,Digital skills assessments (Workforce)
Dual credit course passage,Academic Assessment and Performance,Postsecondary Transitions,Dual credit course passage,"AP, IB, or Dual Credit course credits",General,,,"AP, IB, or Dual Credit course credits","AP, IB, or Dual Credit course credits"
Dual credit earned,Academic Assessment and Performance,Postsecondary Transitions,Dual credit earned,"AP, IB, or Dual Credit course credits",General,,,"AP, IB, or Dual Credit course credits","AP, IB, or Dual Credit course credits"
Dual credit test completion,Academic Assessment and Performance,Postsecondary Transitions,Dual credit test completion,"AP, IB, or Dual Credit course credits",General,,,"AP, IB, or Dual Credit course credits","AP, IB, or Dual Credit course credits"
GPA (Grade 8),Academic Assessment and Performance,Postsecondary Transitions,Grade point average,,Grade 8,K-12,,Grade point average,Grade point average (K-12)
Gateway course completion,Academic Assessment and Performance,Postsecondary Transitions,Gateway course completion,,General,,,Gateway course completion,Gateway course completion
Grade point average,Academic Assessment and Performance,Postsecondary Transitions,Grade point average,,Postsecondary,Postsecondary,,Grade point average,Grade point average (Postsecondary)
Grade point average (Grade 6-8),Academic Assessment and Performance,Postsecondary Transitions,Grade point average,,Grades 6-8,K-12,,Grade point average,Grade point average (K-12)
Grade point average (Grades 9-12),Academic Assessment and Performance,Postsecondary Transitions,Grade point average,,Grades 9-12,K-12,,Grade point average,Grade point average (K-12)
Higher-order thinking skills performance assessment results (K-12),Academic Assessment and Performance,Social-Emotional Learning,Higher-order thinking skills performance assessments,,K-12,K-12,,Higher-order thinking skills performance assessments,Higher-order thinking skills performance assessments (K-12)
Higher-order thinking skills performance assessment results (Postsecondary),Academic Assessment and Performance,Postsecondary Success,Higher-order thinking skills performance assessments,,Postsecondary,Postsecondary,,Higher-order thinking skills performance assessments,Higher-order thinking skills performance assessments (Postsecondary)
Higher-order thinking skills performance assessment results (Workforce),Academic Assessment and Performance,Workforce Success,Higher-order thinking skills performance assessments,,Workforce,Workforce,,Higher-order thinking skills performance assessments,Higher-order thinking skills performance assessments (Workforce)
IB course passage,Academic Assessment and Performance,Postsecondary Transitions,IB course passage,"AP, IB, or Dual Credit course credits",General,,,"AP, IB, or Dual Credit course credits","AP, IB, or Dual Credit course credits"
IB credit earned (or IB test scores),Academic Assessment and Performance,Postsecondary Transitions,IB credit earned (or IB test scores),"AP, IB, or Dual Credit course credits",General,,,"AP, IB, or Dual Credit course credits","AP, IB, or Dual Credit course credits"
IB test completion,Academic Assessment and Performance,Postsecondary Transitions,IB test completion,"AP, IB, or Dual Credit course credits",General,,,"AP, IB, or Dual Credit course credits","AP, IB, or Dual Credit course credits"
Math proficiency (or math assessment score) (Grade 1 & 2),Academic Assessment and Performance,Postsecondary Transitions,Math proficiency (or math assessment score),Math proficiency (Grades 1 and 2),Grades 1-2,K-12,,Math proficiency (Grades 1 and 2),Math proficiency (Grades 1 and 2)
Math proficiency (or math assessment score) (Grades 1 & 2),Academic Assessment and Performance,Postsecondary Transitions,Math proficiency (or math assessment score),Math proficiency (Grades 1 and 2),Grades 1-2,K-12,,Math proficiency (Grades 1 and 2),Math proficiency (Grades 1 and 2)
Math proficiency on state standardized test (Grade 3),Academic Assessment and Performance,Postsecondary Transitions,Math proficiency on state standardized test,State standardized test (Math proficiency),Grade 3,K-12,,State standardized test (Math proficiency),State standardized test (Math proficiency)
Math proficiency on state standardized test (Grade 8),Academic Assessment and Performance,Postsecondary Transitions,Math proficiency on state standardized test,State standardized test (Math proficiency),Grade 8,K-12,,State standardized test (Math proficiency),State standardized test (Math proficiency)
Math proficiency on state standardized test (Grades 9-12),Academic Assessment and Performance,Postsecondary Transitions,Math proficiency on state standardized test,State standardized test (Math proficiency),Grades 9-12,K-12,,State standardized test (Math proficiency),State standardized test (Math proficiency)
Reading proficiency (or reading assessment score) (Grade 1 & 2),Academic Assessment and Performance,Postsecondary Transitions,Reading proficiency (or reading assessment score),Reading proficiency (Grades 1 and 2),Grades 1-2,K-12,,Reading proficiency (Grades 1 and 2),Reading proficiency (Grades 1 and 2)
Reading proficiency (or reading assessment score) (Grades 1 & 2),Academic Assessment and Performance,Postsecondary Transitions,Reading proficiency (or reading assessment score),Reading proficiency (Grades 1 and 2),Grades 1-2,K-12,,Reading proficiency (Grades 1 and 2),Reading proficiency (Grades 1 and 2)
Reading proficiency on state standardized test (Grade 3),Academic Assessment and Performance,Postsecondary Transitions,Reading proficiency on state standardized test,State standardized test (Reading proficiency),Grade 3,K-12,,State standardized test (Reading proficiency),State standardized test (Reading proficiency)
Reading proficiency on state standardized test (Grade 8),Academic Assessment and Performance,Postsecondary Transitions,Reading proficiency on state standardized test,State standardized test (Reading proficiency),Grade 8,K-12,,State standardized test (Reading proficiency),State standardized test (Reading proficiency)
Reading proficiency on state standardized test (Grades 9-12),Academic Assessment and Performance,Postsecondary Transitions,Reading proficiency on state standardized test,State standardized test (Reading proficiency),Grades 9-12,K-12,,State standardized test (Reading proficiency),State standardized test (Reading proficiency)
Results on direct child assessment (cognition),Academic Assessment and Performance,Kindergarten Readiness,Direct child assessments (cognition),,PK,PK,,Direct child assessments (cognition),Direct child assessments (cognition)
Results on direct child assessment (cognition) (PK),Academic Assessment and Performance,Kindergarten Readiness,Direct child assessments (cognition),,PK,PK,,Direct child assessments (cognition),Direct child assessments (cognition)
Results on direct child assessment (language and literacy),Academic Assessment and Performance,Kindergarten Readiness,Direct child assessments (language and literacy),,PK,PK,,Direct child assessments (language and literacy),Direct child assessments (language and literacy)
Results on direct child assessment (language and literacy) (PK),Academic Assessment and Performance,Kindergarten Readiness,Direct child assessments (language and literacy),,PK,PK,,Direct child assessments (language and literacy),Direct child assessments (language and literacy)
Results on direct child assessments of executive function,Academic Assessment and Performance,Kindergarten Readiness,Direct child assessments of executive function,,PK,PK,,Direct child assessments of executive function,Direct child assessments of executive function
Results on direct child assessments of executive function (PK),Academic Assessment and Performance,Kindergarten Readiness,Direct child assessments of executive function,,PK,PK,,Direct child assessments of executive function,Direct child assessments of executive function
Results on direct child assessments of physical development (PK),Academic Assessment and Performance,Kindergarten Readiness,Direct child assessments of physical development,,PK,PK,,Direct child assessments of physical development,Direct child assessments of physical development
Results on kindergarten readiness assessment (cognition),Academic Assessment and Performance,Kindergarten Readiness,Kindergarten readiness assessments (cognition),,PK,PK,,Kindergarten readiness assessments (cognition),Kindergarten readiness assessments (cognition)
Results on kindergarten readiness assessment (cognition) (PK),Academic Assessment and Performance,Kindergarten Readiness,Kindergarten readiness assessments (cognition),,PK,PK,,Kindergarten readiness assessments (cognition),Kindergarten readiness assessments (cognition)
Results on teacher reports of executive function,Academic Assessment and Performance,Kindergarten Readiness,Teacher reports of executive function,,PK,PK,,Teacher reports of executive function,Teacher reports of executive function
Results on teacher reports of executive function (PK),Academic Assessment and Performance,Kindergarten Readiness,Teacher reports of executive function,,PK,PK,,Teacher reports of executive function,Teacher reports of executive function
Results on teacher reports of social-emotional development,Academic Assessment and Performance,Kindergarten Readiness,Teacher reports of social-emotional development,,PK,PK,,Teacher reports of social-emotional development,Teacher reports of social-emotional development
Results on teacher reports of social-emotional development (PK),Academic Assessment and Performance,Kindergarten Readiness,Teacher reports of social-emotional development,,PK,PK,,Teacher reports of social-emotional development,Teacher reports of social-emotional development
Results on teacher-reported kindergarten readiness assessment (language and literacy),Academic Assessment and Performance,Kindergarten Readiness,Reported kindergarten readiness (language and literacy),,PK,PK,Teacher-reported kindergarten readiness assessments (language and literacy),Reported kindergarten readiness (language and literacy),Reported kindergarten readiness (language and literacy)
Results on teacher-reported kindergarten readiness assessment (language and literacy) (PK),Academic Assessment and Performance,Kindergarten Readiness,Reported kindergarten readiness (language and literacy),,PK,PK,Teacher-reported kindergarten readiness assessments (language and literacy),Reported kindergarten readiness (language and literacy),Reported kindergarten readiness (language and literacy)
Results on teacher-reported kindergarten readiness assessment (physical development),Academic Assessment and Performance,Kindergarten Readiness,Reported kindergarten readiness (physical development),,PK,PK,Teacher-reported kindergarten readiness assessments (physical development),Reported kindergarten readiness (physical development),Reported kindergarten readiness (physical development)
Results on teacher-reported kindergarten readiness assessment (physical development) (PK),Academic Assessment and Performance,Kindergarten Readiness,Reported kindergarten readiness (physical development),,PK,PK,Teacher-reported kindergarten readiness assessments (physical development),Reported kindergarten readiness (physical development),Reported kindergarten readiness (physical development)
Results on teacher-reported kindergarten readiness assessment (self-regulation; approaches to learning; executive function),Academic Assessment and Performance,Kindergarten Readiness,Reported kindergarten readiness (behavioral skills),,PK,PK,Teacher-reported kindergarten readiness assessments (self-regulation; approaches to learning; executive function),Reported kindergarten readiness (behavioral skills),Reported kindergarten readiness (behavioral skills)
Results on teacher-reported kindergarten readiness assessment (self-regulation; approaches to learning; executive function) (PK),Academic Assessment and Performance,Kindergarten Readiness,Reported kindergarten readiness (behavioral skills),,PK,PK,Teacher-reported kindergarten readiness assessments (self-regulation; approaches to learning; executive function),Reported kindergarten readiness (behavioral skills),Reported kindergarten readiness (behavioral skills)
Results on teacher-reported kindergarten readiness assessment (social-emotional development),Academic Assessment and Performance,Kindergarten Readiness,Reported kindergarten readiness (social-emotional skills),,PK,PK,Teacher-reported kindergarten readiness assessments (social-emotional development),Reported kindergarten readiness (social-emotional skills),Reported kindergarten readiness (social-emotional skills)
Results on teacher-reported kindergarten readiness assessment (social-emotional development) (PK),Academic Assessment and Performance,Kindergarten Readiness,Reported kindergarten readiness (social-emotional skills),,PK,PK,Teacher-reported kindergarten readiness assessments (social-emotional development),Reported kindergarten readiness (social-emotional skills),Reported kindergarten readiness (social-emotional skills)
SAT completion,Academic Assessment and Performance,Postsecondary Transitions,SAT completion,,General,,,SAT completion,SAT completion
SAT score,Academic Assessment and Performance,Postsecondary Transitions,SAT score,,General,,,SAT score,SAT score
"SGP for standardized assessments (subject specific for reading/literacy, math, and science)",Academic Assessment and Performance,Postsecondary Transitions,SGP for standardized assessments,,General,,Subject specific for reading/literacy; math; and science,SGP for standardized assessments,SGP for standardized assessments
Social proficiency performance assessment results (Postsecondary),Academic Assessment and Performance,Postsecondary Success,Social proficiency performance assessments,,Postsecondary,Postsecondary,,Social proficiency performance assessments,Social proficiency performance assessments (Postsecondary)
Social proficiency performance assessment results (Workforce),Academic Assessment and Performance,Workforce Success,Social proficiency performance assessments,,Workforce,Workforce,,Social proficiency performance assessments,Social proficiency performance assessments (Workforce)
VAM for subject specific assessment,Academic Assessment and Performance,Teaching Effectiveness,VAM for subject specific assessment,,General,,,VAM for subject specific assessment,VAM for subject specific assessment
Attendance intensity,Attendance and Engagement,School Climate,Student attendance rate,,General,PK,,Student attendance rate,Student attendance rate (PK)
Student attendance rate,Attendance and Engagement,School Climate,Student attendance rate,,General,PK,,Student attendance rate,Student attendance rate (PK)
Student attendance rate (Grade 1 & 2),Attendance and Engagement,School Climate,Student attendance rate,,Grades 1-2,K-12,,Student attendance rate,Student attendance rate (K-12)
Student attendance rate (Grade 6),Attendance and Engagement,School Climate,Student attendance rate,,Grade 6,K-12,,Student attendance rate,Student attendance rate (K-12)
Student attendance rate (Grade 8),Attendance and Engagement,School Climate,Student attendance rate,,Grade 8,K-12,,Student attendance rate,Student attendance rate (K-12)
Student attendance rate (Grade 9),Attendance and Engagement,School Climate,Student attendance rate,,Grade 9,K-12,,Student attendance rate,Student attendance rate (K-12)
Student attendance rate (Grades 1 & 2),Attendance and Engagement,School Climate,Student attendance rate,,Grades 1-2,K-12,,Student attendance rate,Student attendance rate (K-12)
Disciplinary use of restraint and seclusion,Behavior and Discipline,School Climate,Restraint and seclusion for discipline,,General,K-12,,Restraint and seclusion for discipline,Restraint and seclusion for discipline (K-12)
Disciplinary use of restraint and seclusion (K12),Behavior and Discipline,School Climate,Restraint and seclusion for discipline,,K-12,K-12,,Restraint and seclusion for discipline,Restraint and seclusion for discipline (K-12)
Disciplinary use of restraint and seclusion (PK),Behavior and Discipline,School Climate,Restraint and seclusion for discipline,,PK,PK,,Restraint and seclusion for discipline,Restraint and seclusion for discipline (PK)
Expulsion,Behavior and Discipline,School Climate,Suspensions and expulsions,,General,K-12,,Suspensions and expulsions,Suspensions and expulsions (K-12)
Expulsion (PK),Behavior and Discipline,School Climate,Suspensions and expulsions,,PK,PK,,Suspensions and expulsions,Suspensions and expulsions (PK)
Expulsions,Behavior and Discipline,School Climate,Suspensions and expulsions,,General,K-12,,Suspensions and expulsions,Suspensions and expulsions (K-12)
Expulsions (Grade 6),Behavior and Discipline,School Climate,Suspensions and expulsions,,Grade 6,K-12,,Suspensions and expulsions,Suspensions and expulsions (K-12)
Expulsions (Grade 8),Behavior and Discipline,School Climate,Suspensions and expulsions,,Grade 8,K-12,,Suspensions and expulsions,Suspensions and expulsions (K-12)
Expulsions (K12),Behavior and Discipline,School Climate,Suspensions and expulsions,,K-12,K-12,,Suspensions and expulsions,Suspensions and expulsions (K-12)
Expulsions (PK),Behavior and Discipline,School Climate,Suspensions and expulsions,,PK,PK,,Suspensions and expulsions,Suspensions and expulsions (PK)
In school suspension,Behavior and Discipline,School Climate,Suspensions and expulsions,,General,K-12,,Suspensions and expulsions,Suspensions and expulsions (K-12)
In school suspension (Grade 1 & 2),Behavior and Discipline,School Climate,Suspensions and expulsions,,Grades 1-2,K-12,,Suspensions and expulsions,Suspensions and expulsions (K-12)
In school suspension (K12),Behavior and Discipline,School Climate,Suspensions and expulsions,,K-12,K-12,,Suspensions and expulsions,Suspensions and expulsions (K-12)
In school suspension (PK),Behavior and Discipline,School Climate,Suspensions and expulsions,,PK,PK,,Suspensions and expulsions,Suspensions and expulsions (PK)
In school suspension (Grades 1 & 2),Behavior and Discipline,School Climate,Suspensions and expulsions,,Grades 1-2,K-12,,Suspensions and expulsions,Suspensions and expulsions (K-12)
Number of days suspended,Behavior and Discipline,School Climate,Number of days suspended,,General,K-12,,Number of days suspended,Number of days suspended (K-12)
Number of days suspended (PK),Behavior and Discipline,School Climate,Number of days suspended,,PK,PK,,Number of days suspended,Number of days suspended (PK)
Office referrals,Behavior and Discipline,School Climate,Office referrals,,General,K-12,,Office referrals,Office referrals (K-12)
Office referrals (PK),Behavior and Discipline,School Climate,Office referrals,,PK,PK,,Office referrals,Office referrals (PK)
Out of school suspension,Behavior and Discipline,School Climate,Suspensions and expulsions,,General,K-12,,Suspensions and expulsions,Suspensions and expulsions (K-12)
Out of school suspension (K12),Behavior and Discipline,School Climate,Suspensions and expulsions,,K-12,K-12,,Suspensions and expulsions,Suspensions and expulsions (K-12)
Out of school suspension (PK),Behavior and Discipline,School Climate,Suspensions and expulsions,,PK,PK,,Suspensions and expulsions,Suspensions and expulsions (PK)
Out of school suspension (Grades 1 & 2),Behavior and Discipline,School Climate,Suspensions and expulsions,,Grades 1-2,K-12,,Suspensions and expulsions,Suspensions and expulsions (K-12)
Restraint,Behavior and Discipline,School Climate,Restraint and seclusion for safety,,General,K-12,,Restraint and seclusion for safety,Restraint and seclusion for safety (K-12)
Restraint (PK),Behavior and Discipline,School Climate,Restraint and seclusion for safety,,PK,PK,,Restraint and seclusion for safety,Restraint and seclusion for safety (PK)
Seclusion,Behavior and Discipline,School Climate,Restraint and seclusion for safety,,General,K-12,,Restraint and seclusion for safety,Restraint and seclusion for safety (K-12)
Seclusion (PK),Behavior and Discipline,School Climate,Restraint and seclusion for safety,,PK,PK,,Restraint and seclusion for safety,Restraint and seclusion for safety (PK)
Suspension (Grade 6),Behavior and Discipline,School Climate,Suspensions and expulsions,,Grade 6,K-12,,Suspensions and expulsions,Suspensions and expulsions (K-12)
Suspension (Grade 8),Behavior and Discipline,School Climate,Suspensions and expulsions,,Grade 8,K-12,,Suspensions and expulsions,Suspensions and expulsions (K-12)
Suspension (Grade 9),Behavior and Discipline,School Climate,Suspensions and expulsions,,Grade 9,K-12,,Suspensions and expulsions,Suspensions and expulsions (K-12)
Suspensions,Behavior and Discipline,School Climate,Suspensions and expulsions,,General,K-12,,Suspensions and expulsions,Suspensions and expulsions (K-12)
Suspensions (PK),Behavior and Discipline,School Climate,Suspensions and expulsions,,PK,PK,,Suspensions and expulsions,Suspensions and expulsions (PK)
City or county population,Community and Environmental Conditions,School Climate,City or county population,,General,,,City or county population,City or county population
Commute time,Community and Environmental Conditions,Workforce Transitions,Commute time,,General,,,Commute time,Commute time
"Geographical indicator (e.g., census tract, city, county)",Community and Environmental Conditions,School Climate,Geographical indicator,,General,,"For example, census tract, city, or county",Geographical indicator,Geographical indicator
Indicator of access to desktop or laptop at home,Community and Environmental Conditions,School Climate,Indicator of access to desktop or laptop at home,,General,,,Indicator of access to desktop or laptop at home,Indicator of access to desktop or laptop at home
Indicator of access to reliable broadband internet,Community and Environmental Conditions,School Climate,Indicator of access to reliable broadband internet,,General,,,Indicator of access to reliable broadband internet,Indicator of access to reliable broadband internet
"Low Transportation Cost Index, from the U.S. Department of Housing and Urban Development",Community and Environmental Conditions,Workforce Transitions,Low Transportation Cost Index,,General,,,Low Transportation Cost Index,Low Transportation Cost Index
Number of affordable housing units in city or county,Community and Environmental Conditions,Workforce Transitions,Number of affordable housing units in city or county,,General,,,Number of affordable housing units in city or county,Number of affordable housing units in city or county
Number of city or county residents experiencing poverty,Community and Environmental Conditions,School Climate,Number of city or county residents experiencing poverty,,General,,,Number of city or county residents experiencing poverty,Number of city or county residents experiencing poverty
Number of city or county residents living in a high poverty neighborhood,Community and Environmental Conditions,School Climate,Number of city or county residents living in a high poverty neighborhood,,General,,,Number of city or county residents living in a high poverty neighborhood,Number of city or county residents living in a high poverty neighborhood
Number of households with low income in city or county,Community and Environmental Conditions,School Climate,Number of households with low income in city or county,,General,,,Number of households with low income in city or county,Number of households with low income in city or county
Number of households with very low income in city or county,Community and Environmental Conditions,School Climate,Number of households with very low income in city or county,,General,,,Number of households with very low income in city or county,Number of households with very low income in city or county
Number of juvenile arrests in city or county,Community and Environmental Conditions,School Climate,Number of juvenile arrests in city or county,,General,,,Number of juvenile arrests in city or county,Number of juvenile arrests in city or county
Number of property felonies in city or county,Community and Environmental Conditions,School Climate,Number of property felonies in city or county,,General,,,Number of property felonies in city or county,Number of property felonies in city or county
Number of violent felonies in city or county,Community and Environmental Conditions,School Climate,Number of violent felonies in city or county,,General,,,Number of violent felonies in city or county,Number of violent felonies in city or county
USDA Food Access Research Atlas Access Level Flag,Community and Environmental Conditions,School Climate,USDA Food Access Research Atlas Access Level Flag,,General,,,USDA Food Access Research Atlas Access Level Flag,USDA Food Access Research Atlas Access Level Flag
AP course designation,Course and Curriculum,Postsecondary Transitions,AP course designation,,General,,,AP course designation,AP course designation
AP enrollment,Course and Curriculum,Postsecondary Transitions,AP enrollment,Student course enrollment record,General,,,Student course enrollment record,Student course enrollment record
Algebra 1 enrollment,Course and Curriculum,Postsecondary Transitions,Algebra 1 enrollment,Student course enrollment record,General,,,Student course enrollment record,Student course enrollment record
CTE course ID or course title,Course and Curriculum,Workforce Transitions,CTE course ID or course title,,General,,,CTE course ID or course title,CTE course ID or course title
CTE course enrollment,Course and Curriculum,Workforce Transitions,CTE course enrollment,Student course enrollment record,General,,,Student course enrollment record,Student course enrollment record
CTE pathway or career cluster associated with CTE course,Course and Curriculum,Workforce Transitions,CTE pathway or career cluster associated with CTE course,,General,,,CTE pathway or career cluster associated with CTE course,CTE pathway or career cluster associated with CTE course
CTE program,Course and Curriculum,Workforce Transitions,CTE program,,General,,,CTE program,CTE program
Course ID  - CIP code,Course and Curriculum,Postsecondary Transitions,Course ID - CIP code,Course identifier or title,General,,,Course identifier or title,Course identifier or title
Course ID or course title,Course and Curriculum,Postsecondary Transitions,Course ID or course title,Course identifier or title,General,,,Course identifier or title,Course identifier or title
"Course ID or course title of follow-up courses (Algebra II, Pre-calculus, Geometry, etc)",Course and Curriculum,Postsecondary Transitions,Course prerequisites,Course identifier or title,General,,,Course identifier or title,Course identifier or title
Course department,Course and Curriculum,Postsecondary Transitions,Course department,,General,,,Course department,Course department
Course instructor (or teacher's course assignments),Course and Curriculum,Teaching Effectiveness,Course instructor (or teacher's course assignments),Teaching assignment,General,,,Teaching assignment,Teaching assignment
Dual credit course designation,Course and Curriculum,Postsecondary Transitions,Dual credit course designation,,General,,,Dual credit course designation,Dual credit course designation
Dual credit enrollment,Course and Curriculum,Postsecondary Transitions,Dual credit enrollment,Student course enrollment record,General,,,Student course enrollment record,Student course enrollment record
"Early college course enrollment (AP, IB, and dual enrollment)",Course and Curriculum,Postsecondary Transitions,Early college course enrollment (AP; IB; and dual enrollment),Student course enrollment record,General,,,Student course enrollment record,Student course enrollment record
Higher-level math enrollment,Course and Curriculum,Postsecondary Transitions,Higher-level math enrollment,Student course enrollment record,General,,,Student course enrollment record,Student course enrollment record
IB course designation,Course and Curriculum,Postsecondary Transitions,IB course designation,,General,,,IB course designation,IB course designation
IB enrollment,Course and Curriculum,Postsecondary Transitions,IB enrollment,Student course enrollment record,General,,,Student course enrollment record,Student course enrollment record
"Level(s) at which course is offered (e.g., 9/10/11/12; Fr/So/Jr/Sr)",Course and Curriculum,Postsecondary Transitions,Course offering by grade level,,General,,,Course offering by grade level,Course offering by grade level
Postsecondary major,Course and Curriculum,Postsecondary Success,Postsecondary major,,Postsecondary,Postsecondary,,Postsecondary major,Postsecondary major
Teaching assignment (subject and/or grade level taught),Course and Curriculum,Teaching Effectiveness,Teaching assignment,Teaching assignment,General,,Subject and/or grade level that is taught,Teaching assignment,Teaching assignment
Job title or position type (school leader or administrator),Educator Employment and Retention,Teaching Effectiveness,Job title or position type,,General,,,Job title or position type,Job title or position type
"Job title or position type (teacher or educator, prior and current year)",Educator Employment and Retention,Teaching Effectiveness,Job title or position type,,General,,,Job title or position type,Job title or position type
"Percentage of K-12 teachers with < 1 year, 1–5 years, and 5+ years of experience",Educator Employment and Retention,Teaching Effectiveness,Years of teaching experience,,General,,,Years of teaching experience,Years of teaching experience
Position type (school leader or administrator),Educator Employment and Retention,Teaching Effectiveness,Job title or position type,,General,,,Job title or position type,Job title or position type
School assignment or school ID (prior and current year),Educator Employment and Retention,Teaching Effectiveness,School assignment (prior and current year),,General,,,School assignment (prior and current year),School assignment (prior and current year)
School or program ID (prior and current year),Educator Employment and Retention,Teaching Effectiveness,School assignment (prior and current year),,General,,,School assignment (prior and current year),School assignment (prior and current year)
Staff FTE status,Educator Employment and Retention,Teaching Effectiveness,Staff FTE status,,General,,,Staff FTE status,Staff FTE status
Staff type or role description,Educator Employment and Retention,Teaching Effectiveness,Job title or position type,,General,,,Job title or position type,Job title or position type
Years in current position,Educator Employment and Retention,Teaching Effectiveness,Years in current position,,General,,,Years in current position,Years in current position
Years of teaching experience,Educator Employment and Retention,Teaching Effectiveness,Years of teaching experience,,General,,,Years of teaching experience,Years of teaching experience
Credential or certification type,Educator Qualifications and Credentials,Teaching Effectiveness,Credential or certification type,,General,,,Credential or certification type,Credential or certification type
Highest level of education completed,Educator Qualifications and Credentials,Teaching Effectiveness,Highest level of education completed,,General,,,Highest level of education completed,Highest level of education completed
Position type (lead pre-K teacher status),Educator Qualifications and Credentials,Teaching Effectiveness,Job title or position type,,General,,,Job title or position type,Job title or position type
Results on leader effectiveness assessment,Educator Qualifications and Credentials,Teaching Effectiveness,Leader effectiveness assessments,,General,,,Leader effectiveness assessments,Leader effectiveness assessments
Staff race/ethnicity,Educator Qualifications and Credentials,Teaching Effectiveness,Staff race/ethnicity,,General,,,Staff race/ethnicity,Staff race/ethnicity
Teacher qualification or certification type,Educator Qualifications and Credentials,Teaching Effectiveness,Teacher qualification or certification type,,General,,,Teacher qualification or certification type,Teacher qualification or certification type
Average cost of attendance,Financial Support and Resources,Postsecondary Success,Average cost of attendance,,General,,,Average cost of attendance,Average cost of attendance
Average expected family contribution (EFC),Financial Support and Resources,Postsecondary Success,Average expected family contribution (EFC),,General,,,Average expected family contribution (EFC),Average expected family contribution (EFC)
Average value of grants,Financial Support and Resources,Postsecondary Success,Average value of grants,"Average financial aid amount (including grants, scholarships, and tuition waivers)",General,,,"Average financial aid amount (including grants, scholarships, and tuition waivers)","Average financial aid amount (including grants, scholarships, and tuition waivers)"
Average value of scholarships,Financial Support and Resources,Postsecondary Success,Average value of scholarships,"Average financial aid amount (including grants, scholarships, and tuition waivers)",General,,,"Average financial aid amount (including grants, scholarships, and tuition waivers)","Average financial aid amount (including grants, scholarships, and tuition waivers)"
Average value of tuition waivers,Financial Support and Resources,Postsecondary Success,Average value of tuition waivers,"Average financial aid amount (including grants, scholarships, and tuition waivers)",General,,,"Average financial aid amount (including grants, scholarships, and tuition waivers)","Average financial aid amount (including grants, scholarships, and tuition waivers)"
CHIP eligibility status,Financial Support and Resources,School Climate,CHIP eligibility status,,General,,,CHIP eligibility status,CHIP eligibility status
CHIP enrollment,Financial Support and Resources,School Climate,CHIP enrollment,,General,,,CHIP enrollment,CHIP enrollment
Eligibility for federal rental assistance,Financial Support and Resources,School Climate,Eligibility for federal rental assistance,,General,,,Eligibility for federal rental assistance,Eligibility for federal rental assistance
FAFSA completion date,Financial Support and Resources,Postsecondary Transitions,FAFSA completion date,,General,,,FAFSA completion date,FAFSA completion date
Family eligibility for child care subsidies,Financial Support and Resources,Kindergarten Readiness,Family eligibility for child care subsidies,,General,,,Family eligibility for child care subsidies,Family eligibility for child care subsidies
Financial aid amount,Financial Support and Resources,Postsecondary Success,Financial aid amount,"Average financial aid amount (including grants, scholarships, and tuition waivers)",General,,,"Average financial aid amount (including grants, scholarships, and tuition waivers)","Average financial aid amount (including grants, scholarships, and tuition waivers)"
Median student debt,Financial Support and Resources,Postsecondary Success,Median student debt,,General,,,Median student debt,Median student debt
Medicaid eligibility status,Financial Support and Resources,School Climate,Medicaid eligibility status,,General,,,Medicaid eligibility status,Medicaid eligibility status
Medicaid enrollment,Financial Support and Resources,School Climate,Medicaid enrollment,,General,,,Medicaid enrollment,Medicaid enrollment
Receipt of child care subsidies,Financial Support and Resources,Kindergarten Readiness,Receipt of child care subsidies,,General,,,Receipt of child care subsidies,Receipt of child care subsidies
Receipt of federal rental assistance,Financial Support and Resources,School Climate,Receipt of federal rental assistance,,General,,,Receipt of federal rental assistance,Receipt of federal rental assistance
Repayment phase start date,Financial Support and Resources,Postsecondary Success,Repayment phase start date,,General,,,Repayment phase start date,Repayment phase start date
Repayment status,Financial Support and Resources,Postsecondary Success,Repayment status,,General,,,Repayment status,Repayment status
SNAP eligibility,Financial Support and Resources,School Climate,SNAP eligibility,,General,,,SNAP eligibility,SNAP eligibility
SNAP participation,Financial Support and Resources,School Climate,SNAP participation,,General,,,SNAP participation,SNAP participation
Total net price of education plus interest,Financial Support and Resources,Postsecondary Success,Total net price of education plus interest,,General,,,Total net price of education plus interest,Total net price of education plus interest
Insured status,Health and Well-being,School Climate,Insured status,,General,,,Insured status,Insured status
Number of ACEs,Health and Well-being,Social-Emotional Learning,Number of ACEs,,General,,,Number of ACEs,Number of ACEs
Physical health survey results (K-12),Health and Well-being,School Climate,Physical health surveys,,K-12,K-12,,Physical health surveys,Physical health surveys (K-12)
Physical health survey results (Postsecondary),Health and Well-being,Postsecondary Success,Physical health surveys,,Postsecondary,Postsecondary,,Physical health surveys,Physical health surveys (Postsecondary)
Physical health survey results (Workforce),Health and Well-being,Workforce Success,Physical health surveys,,Workforce,Workforce,,Physical health surveys,Physical health surveys (Workforce)
Rating on USDA Food Security Survey module,Health and Well-being,School Climate,USDA Food Security Survey ratings,,General,,,USDA Food Security Survey ratings,USDA Food Security Survey ratings
Results on mental and emotional well-being assessments,Health and Well-being,Social-Emotional Learning,Mental and emotional well-being assessments,,General,,,Mental and emotional well-being assessments,Mental and emotional well-being assessments
Scores on Health-Related Quality of Life Scale,Health and Well-being,School Climate,Health-Related Quality of Life Scale scores,,General,,,Health-Related Quality of Life Scale scores,Health-Related Quality of Life Scale scores
Instructor observation results,Instructional Quality and Practice,Teaching Effectiveness,Instructor observations,,General,,,Instructor observations,Instructor observations
Overall teacher observation score,Instructional Quality and Practice,Teaching Effectiveness,Overall teacher observation score,,General,,,Overall teacher observation score,Overall teacher observation score
"Percentage of teachers regularly using standards-aligned, culturally responsive curricula",Instructional Quality and Practice,Teaching Effectiveness,Percentage of teachers regularly using standards-aligned; culturally responsive curricula,,General,,,Percentage of teachers regularly using standards-aligned; culturally responsive curricula,Percentage of teachers regularly using standards-aligned; culturally responsive curricula
Results on instructor effectiveness student survey,Instructional Quality and Practice,Teaching Effectiveness,Teacher effectiveness student surveys,,Postsecondary,Postsecondary,,Teacher effectiveness student surveys,Teacher effectiveness student surveys (Postsecondary)
Results on teacher effectiveness student survey,Instructional Quality and Practice,Teaching Effectiveness,Teacher effectiveness student surveys,,K-12,K-12,,Teacher effectiveness student surveys,Teacher effectiveness student surveys (K-12)
Results on teacher-child interaction measure,Instructional Quality and Practice,Teaching Effectiveness,Teacher-child interaction measure,,K-12,K-12,,Teacher-child interaction measure,Teacher-child interaction measure (K-12)
Results on teacher-child interaction measure (PK),Instructional Quality and Practice,Teaching Effectiveness,Teacher-child interaction measure,,PK,PK,,Teacher-child interaction measure,Teacher-child interaction measure (PK)
Subscale observation scores,Instructional Quality and Practice,Teaching Effectiveness,Subscale observation scores,,General,,,Subscale observation scores,Subscale observation scores
Bachelor's degree completion date,Postsecondary Transition and Success,Postsecondary Success,Bachelor's degree completion date,,General,,,Bachelor's degree completion date,Bachelor's degree completion date
College selectivity level,Postsecondary Transition and Success,Postsecondary Transitions,College selectivity level,,General,,,College selectivity level,College selectivity level
Credential-seeking status,Postsecondary Transition and Success,Postsecondary Success,Credential-seeking status,,General,,,Credential-seeking status,Credential-seeking status
Credits earned in first year,Postsecondary Transition and Success,Postsecondary Success,Credits earned in first year,,General,,,Credits earned in first year,Credits earned in first year
Diploma or credential award date,Postsecondary Transition and Success,Postsecondary Success,Diploma or credential award date,,General,,,Diploma or credential award date,Diploma or credential award date
Enrollment status (current and prior years),Postsecondary Transition and Success,Postsecondary Success,Enrollment status (current and prior years),,General,,,Enrollment status (current and prior years),Enrollment status (current and prior years)
Graduate credential attainment date,Postsecondary Transition and Success,Postsecondary Success,Graduate credential attainment date,,General,,,Graduate credential attainment date,Graduate credential attainment date
Graduate program enrollment date,Postsecondary Transition and Success,Postsecondary Success,Graduate program enrollment date,,General,,,Graduate program enrollment date,Graduate program enrollment date
High school diploma type,Postsecondary Transition and Success,Postsecondary Transitions,High school diploma type,,General,,,High school diploma type,High school diploma type
High school graduation date,Postsecondary Transition and Success,Postsecondary Transitions,High school graduation date,,General,,,High school graduation date,High school graduation date
High school graduation indicator,Postsecondary Transition and Success,Postsecondary Transitions,High school graduation indicator,,General,,,High school graduation indicator,High school graduation indicator
Institution graduation rate,Postsecondary Transition and Success,Postsecondary Success,Institution graduation rate,,General,,,Institution graduation rate,Institution graduation rate
Number of credits attempted,Postsecondary Transition and Success,Postsecondary Success,Number of credits attempted,,General,,,Number of credits attempted,Number of credits attempted
Number of credits earned,Postsecondary Transition and Success,Postsecondary Success,Number of credits earned,,General,,,Number of credits earned,Number of credits earned
Post-baccalaureate program enrollment date,Postsecondary Transition and Success,Postsecondary Success,Post-baccalaureate program enrollment date,,General,,,Post-baccalaureate program enrollment date,Post-baccalaureate program enrollment date
Postsecondary Institution ID,Postsecondary Transition and Success,Postsecondary Success,Postsecondary Institution ID,,Postsecondary,Postsecondary,,Postsecondary Institution ID,Postsecondary Institution ID
Postsecondary applications submitted,Postsecondary Transition and Success,Postsecondary Transitions,Postsecondary applications submitted,,Postsecondary,Postsecondary,,Postsecondary applications submitted,Postsecondary applications submitted
Postsecondary credential attainment date,Postsecondary Transition and Success,Postsecondary Success,Postsecondary credential attainment date,,Postsecondary,Postsecondary,,Postsecondary credential attainment date,Postsecondary credential attainment date
Postsecondary credential earned,Postsecondary Transition and Success,Postsecondary Success,Postsecondary credential earned,,Postsecondary,Postsecondary,,Postsecondary credential earned,Postsecondary credential earned
Postsecondary degree program length,Postsecondary Transition and Success,Postsecondary Success,Postsecondary degree program length,,Postsecondary,Postsecondary,,Postsecondary degree program length,Postsecondary degree program length
Postsecondary enrollment date,Postsecondary Transition and Success,Postsecondary Transitions,Postsecondary enrollment date,,Postsecondary,Postsecondary,,Postsecondary enrollment date,Postsecondary enrollment date
Postsecondary enrollment date OR first-year indicator,Postsecondary Transition and Success,Postsecondary Transitions,Postsecondary enrollment date,,Postsecondary,Postsecondary,,Postsecondary enrollment date,Postsecondary enrollment date
Postsecondary enrollment status (Full time/part time),Postsecondary Transition and Success,Postsecondary Success,Postsecondary enrollment status (Full time/part time),,Postsecondary,Postsecondary,,Postsecondary enrollment status (Full time/part time),Postsecondary enrollment status (Full time/part time)
Postsecondary institution ID (current and prior years),Postsecondary Transition and Success,Postsecondary Success,Postsecondary institution ID (current and prior years),,Postsecondary,Postsecondary,,Postsecondary institution ID (current and prior years),Postsecondary institution ID (current and prior years)
Reported intent to enroll in postsecondary education,Postsecondary Transition and Success,Postsecondary Transitions,Reported intent to enroll in postsecondary education,,General,,,Reported intent to enroll in postsecondary education,Reported intent to enroll in postsecondary education
Transfer enrollment status,Postsecondary Transition and Success,Postsecondary Success,Transfer enrollment status,,General,,,Transfer enrollment status,Transfer enrollment status
Transfer indicator or transfer student status,Postsecondary Transition and Success,Postsecondary Success,Transfer indicator or transfer student status,,General,,,Transfer indicator or transfer student status,Transfer indicator or transfer student status
Enrollment in public pre-K,Program Eligibility and Enrollment,Kindergarten Readiness,Enrollment in public pre-K,,General,,,Enrollment in public pre-K,Enrollment in public pre-K
Gifted and talented participation,Program Eligibility and Enrollment,Postsecondary Transitions,Gifted and talented participation,,General,,,Gifted and talented participation,Gifted and talented participation
Kindergarten enrollment date,Program Eligibility and Enrollment,Kindergarten Readiness,Kindergarten enrollment date,,General,,,Kindergarten enrollment date,Kindergarten enrollment date
Pre-K eligbility status,Program Eligibility and Enrollment,Kindergarten Readiness,Pre-K eligbility status,,PK,PK,,Pre-K eligbility status,Pre-K eligbility status
K-12 school type,Program Quality and Standards,School Climate,K-12 school type,,General,,,K-12 school type,K-12 school type
Kindergarten program days per week,Program Quality and Standards,Kindergarten Readiness,Kindergarten program days per week,,General,,,Kindergarten program days per week,Kindergarten program days per week
Kindergarten program hours per day,Program Quality and Standards,Kindergarten Readiness,Kindergarten program hours per day,,General,,,Kindergarten program hours per day,Kindergarten program hours per day
Postsecondary institution classification,Program Quality and Standards,Postsecondary Success,Postsecondary institution classification,,Postsecondary,Postsecondary,,Postsecondary institution classification,Postsecondary institution classification
Pre-K program QRIS rating,Program Quality and Standards,Kindergarten Readiness,Pre-K program QRIS rating,,PK,PK,,Pre-K program QRIS rating,Pre-K program QRIS rating
Pre-K program days per week,Program Quality and Standards,Kindergarten Readiness,Pre-K program days per week,,PK,PK,,Pre-K program days per week,Pre-K program days per week
Pre-K program hours per day,Program Quality and Standards,Kindergarten Readiness,Pre-K program hours per day,,PK,PK,,Pre-K program hours per day,Pre-K program hours per day
Civic engagement survey results (K-12),School Climate and Engagement,Social-Emotional Learning,Civic engagement surveys,,K-12,K-12,,Civic engagement surveys,Civic engagement surveys (K-12)
Civic engagement survey results (Postsecondary),School Climate and Engagement,Postsecondary Success,Civic engagement surveys,,Postsecondary,Postsecondary,,Civic engagement surveys,Civic engagement surveys (Postsecondary)
Civic engagement survey results (Workforce),School Climate and Engagement,Workforce Success,Civic engagement surveys,,Workforce,Workforce,,Civic engagement surveys,Civic engagement surveys (Workforce)
Growth mindset survey results (K-12),School Climate and Engagement,Social-Emotional Learning,Growth mindset surveys,,K-12,K-12,,Growth mindset surveys,Growth mindset surveys (K-12)
Growth mindset survey results (Postsecondary),School Climate and Engagement,Postsecondary Success,Growth mindset surveys,,Postsecondary,Postsecondary,,Growth mindset surveys,Growth mindset surveys (Postsecondary)
Growth mindset survey results (Workforce),School Climate and Engagement,Workforce Success,Growth mindset surveys,,Workforce,Workforce,,Growth mindset surveys,Growth mindset surveys (Workforce)
Results on K-12 sense of belonging survey,School Climate and Engagement,Social-Emotional Learning,Sense of belonging surveys,,K-12,K-12,,Sense of belonging surveys,Sense of belonging surveys (K-12)
Results on Pre-K sense of belonging questionnaire,School Climate and Engagement,Kindergarten Readiness,Sense of belonging surveys,,PK,PK,,Sense of belonging surveys,Sense of belonging surveys (PK)
Results on campus climate survey (Postsecondary),School Climate and Engagement,Postsecondary Success,Campus climate surveys,,Postsecondary,Postsecondary,,Campus climate surveys,Campus climate surveys (Postsecondary)
Results on campus sense of belonging survey,School Climate and Engagement,Postsecondary Success,Sense of belonging surveys,,Postsecondary,Postsecondary,,Sense of belonging surveys,Sense of belonging surveys (Postsecondary)
Results on family engagement surveys (K-12),School Climate and Engagement,School Climate,Family engagement surveys,,K-12,K-12,,Family engagement surveys,Family engagement surveys (K-12)
Results on family engagement surveys (Pre-K),School Climate and Engagement,Kindergarten Readiness,Family engagement surveys,,PK,PK,,Family engagement surveys,Family engagement surveys (PK)
Results on school climate survey (K-12),School Climate and Engagement,School Climate,Campus climate surveys,,K-12,K-12,,Campus climate surveys,Campus climate surveys (K-12)
Results on self-management survey (K-12),School Climate and Engagement,Social-Emotional Learning,Self-management surveys,,K-12,K-12,,Self-management surveys,Self-management surveys (K-12)
Results on social awareness teacher rating,School Climate and Engagement,Social-Emotional Learning,Social awareness teacher ratings,,General,,,Social awareness teacher ratings,Social awareness teacher ratings
Results on sociocultural observational assessment,School Climate and Engagement,Social-Emotional Learning,Sociocultural observational assessments,,General,,,Sociocultural observational assessments,Sociocultural observational assessments
Results on workplace sense of belonging survey,School Climate and Engagement,Workforce Success,Sense of belonging surveys,,Workforce,,,Sense of belonging surveys,Sense of belonging surveys
Self-efficacy survey results (K-12),School Climate and Engagement,Social-Emotional Learning,Self-efficacy surveys,,K-12,K-12,,Self-efficacy surveys,Self-efficacy surveys (K-12)
Self-efficacy survey results (Postsecondary),School Climate and Engagement,Postsecondary Success,Self-efficacy surveys,,Postsecondary,Postsecondary,,Self-efficacy surveys,Self-efficacy surveys (Postsecondary)
Self-efficacy survey results (Workforce),School Climate and Engagement,Workforce Success,Self-efficacy surveys,,Workforce,Workforce,,Self-efficacy surveys,Self-efficacy surveys (Workforce)
Self-management survey results (Postsecondary),School Climate and Engagement,Postsecondary Success,Self-management surveys,,Postsecondary,Postsecondary,,Self-management surveys,Self-management surveys (Postsecondary)
Self-management survey results (Workforce),School Climate and Engagement,Workforce Success,Self-management surveys,,Workforce,Workforce,,Self-management surveys,Self-management surveys (Workforce)
Social awareness survey results (K-12),School Climate and Engagement,Social-Emotional Learning,Self-management surveys,,K-12,K-12,,Self-management surveys,Self-management surveys (K-12)
Social capital survey results (K-12),School Climate and Engagement,Social-Emotional Learning,Social capital surveys,,K-12,K-12,,Social capital surveys,Social capital surveys (K-12)
Social capital survey results (Postsecondary),School Climate and Engagement,Postsecondary Success,Social capital surveys,,Postsecondary,Postsecondary,,Social capital surveys,Social capital surveys (Postsecondary)
Social capital survey results (Workforce),School Climate and Engagement,Workforce Success,Social capital surveys,,Workforce,Workforce,,Social capital surveys,Social capital surveys (Workforce)
7th grade student status,Student Demographics,Postsecondary Transitions,Student grade level,,General,,,Student grade level,Student grade level
8th grade student status,Student Demographics,Postsecondary Transitions,Student grade level,,General,,,Student grade level,Student grade level
Age (or birth date),Student Demographics,School Climate,Age,,General,,"Numerical age as of point in time, or birth date",Age,Age
"Age group (for example, adult learners)",Student Demographics,Postsecondary Success,Age group,,General,,"Generalized category of age, e.g. adult or minor",Age group,Age group
Cohort graduation year,Student Demographics,Postsecondary Transitions,Cohort graduation year,,General,,,Cohort graduation year,Cohort graduation year
Cohort year,Student Demographics,Postsecondary Transitions,Cohort year,,General,,,Cohort year,Cohort year
Disability status,Student Demographics,School Climate,Disability status,,General,,,Disability status,Disability status
English learner,Student Demographics,School Climate,English learner status,,General,,,English learner status,English learner status
English learner classification date,Student Demographics,School Climate,English learner classification date,,General,,,English learner classification date,English learner classification date
English learner reclassification date,Student Demographics,School Climate,English learner classification date,,General,,,English learner classification date,English learner classification date
English learner status,Student Demographics,School Climate,English learner status,,General,,,English learner status,English learner status
Enrollment date,Student Demographics,School Climate,Enrollment date,,General,,,Enrollment date,Enrollment date
First-generation college student,Student Demographics,Postsecondary Transitions,First-generation college student,,General,,,First-generation college student,First-generation college student
First-time 9th grade student status,Student Demographics,Postsecondary Transitions,First-time 9th grade student status,,General,,,First-time 9th grade student status,First-time 9th grade student status
Gender,Student Demographics,School Climate,Gender,,General,,,Gender,Gender
Home language,Student Demographics,School Climate,Home language,,General,,,Home language,Home language
Income level,Student Demographics,School Climate,Income level,,General,,,Income level,Income level
Individual or family military status,Student Demographics,School Climate,Individual or family military status,,General,,,Individual or family military status,Individual or family military status
Individual with current or past child welfare involvement,Student Demographics,School Climate,Individual with current or past child welfare involvement,,General,,,Individual with current or past child welfare involvement,Individual with current or past child welfare involvement
Individuals experiencing homelessness,Student Demographics,School Climate,Individuals experiencing homelessness,,General,,,Individuals experiencing homelessness,Individuals experiencing homelessness
Justice involvement,Student Demographics,School Climate,Justice involvement,,General,,,Justice involvement,Justice involvement
LGBT status,Student Demographics,School Climate,LGBT status,,General,,,LGBT status,LGBT status
Parental education level,Student Demographics,Postsecondary Transitions,Parental education level,,General,,,Parental education level,Parental education level
Race/ethnicity,Student Demographics,School Climate,Student race/ethnicity,,General,,,Student race/ethnicity,Student race/ethnicity
Student FTE status,Student Demographics,School Climate,Student FTE status,,General,,,Student FTE status,Student FTE status
Student from migrant family household,Student Demographics,School Climate,Student from migrant family household,,General,,,Student from migrant family household,Student from migrant family household
Student grade level,Student Demographics,School Climate,Student grade level,,General,PK,,Student grade level,Student grade level (PK)
Student grade level (Grade 6),Student Demographics,Postsecondary Transitions,Student grade level,,Grade 6,K-12,,Student grade level,Student grade level (K-12)
Student grade level (Grade 8),Student Demographics,Postsecondary Transitions,Student grade level,,Grade 8,K-12,,Student grade level,Student grade level (K-12)
Student grade level (Grades 1 & 2),Student Demographics,Kindergarten Readiness,Student grade level,,Grades 1-2,K-12,,Student grade level,Student grade level (K-12)
Student grade level or year,Student Demographics,School Climate,Student grade level,,K-12,K-12,,Student grade level,Student grade level (K-12)
Student or family socioeconomic status,Student Demographics,School Climate,Student or family socioeconomic status,,General,,,Student or family socioeconomic status,Student or family socioeconomic status
Student parenting status,Student Demographics,School Climate,Student parenting status,,General,,,Student parenting status,Student parenting status
Student race/ethnicity,Student Demographics,School Climate,Student race/ethnicity,,General,,,Student race/ethnicity,Student race/ethnicity
Student socioeconomic status,Student Demographics,School Climate,Student socioeconomic status,,General,,,Student socioeconomic status,Student socioeconomic status
Urbanicity,Student Demographics,School Climate,Urbanicity,,General,,,Urbanicity,Urbanicity
Advising and counseling service utilization,Student Support Services,Postsecondary Transitions,Advising and counseling service utilization,,General,,,Advising and counseling service utilization,Advising and counseling service utilization
Date of services provided,Student Support Services,Postsecondary Transitions,Date of services provided,,General,,,Date of services provided,Date of services provided
Developmental screening results,Student Support Services,Kindergarten Readiness,Developmental screening results,,General,,,Developmental screening results,Developmental screening results
Early intervention screening outcomes (connection to services),Student Support Services,Kindergarten Readiness,Early intervention screening services referral status,,General,,,Early intervention screening services referral status,Early intervention screening services referral status
Early intervention screening results,Student Support Services,Kindergarten Readiness,Early intervention screening results,,General,,,Early intervention screening results,Early intervention screening results
Health services offered,Student Support Services,School Climate,Health services offered,,General,,,Health services offered,Health services offered
IECMHC services offered,Student Support Services,Kindergarten Readiness,IECMHC services offered,,General,,,IECMHC services offered,IECMHC services offered
Indicator of whether services were provided,Student Support Services,School Climate,Indicator of whether services were provided,,General,,,Indicator of whether services were provided,Indicator of whether services were provided
Mental health services offered,Student Support Services,School Climate,Mental health services offered,,General,,,Mental health services offered,Mental health services offered
Social services offered,Student Support Services,School Climate,Social services offered,,General,,,Social services offered,Social services offered
Universal screening results,Student Support Services,School Climate,Universal screening results,,General,,,Universal screening results,Universal screening results
College value-added,System Economic Conditions,Postsecondary Success,College value-added,,General,,,College value-added,College value-added
Expenditures per K-12 pupil,System Economic Conditions,School Climate,Expenditures per student,,K-12,K-12,,Expenditures per student,Expenditures per student (K-12)
Expenditures per Pre-K pupil,System Economic Conditions,Kindergarten Readiness,Expenditures per student,,PK,PK,,Expenditures per student,Expenditures per student (PK)
Expenditures per student (postsecondary),System Economic Conditions,Postsecondary Success,Expenditures per student,,Postsecondary,Postsecondary,,Expenditures per student,Expenditures per student (Postsecondary)
Funding dedicated to workforce development programs,System Economic Conditions,Workforce Transitions,Funding dedicated to workforce development programs,,General,,,Funding dedicated to workforce development programs,Funding dedicated to workforce development programs
Institutional expenditure per student,System Economic Conditions,Postsecondary Success,Institutional expenditure per student,,General,,,Institutional expenditure per student,Institutional expenditure per student
"PS institution graduation rate, by race/ethnicity and Pell grant receipt",Postsecondary Transition and Success,Postsecondary Success,Institution graduation rate,,General,,,Institution graduation rate,Institution graduation rate
"PS institution graduation rate, by race/ethnicity and Pell grant receipt",Financial Support and Resources,Postsecondary Success,Pell grant receipt,,General,,,,Pell grant receipt
School value-added,System Economic Conditions,School Climate,School value-added,,General,,,School value-added,School value-added
Total educational funding,System Economic Conditions,School Climate,Total educational funding,,General,,,Total educational funding,Total educational funding
Apprenticeship program enrollment date,Workforce and Career Outcomes,Workforce Transitions,Apprenticeship program enrollment date,,General,,,Apprenticeship program enrollment date,Apprenticeship program enrollment date
Average pay in county or MSA,Workforce and Career Outcomes,Workforce Success,Average pay in county or MSA,,General,,,Average pay in county or MSA,Average pay in county or MSA
Benefits availability,Workforce and Career Outcomes,Workforce Success,Benefits availability,,General,,,Benefits availability,Benefits availability
Dislocated worker status,Workforce and Career Outcomes,Workforce Transitions,Dislocated worker status,,General,,,Dislocated worker status,Dislocated worker status
EAP or mental health services provided,Workforce and Career Outcomes,Workforce Success,EAP or mental health services provided,,General,,,EAP or mental health services provided,EAP or mental health services provided
Earnings,Workforce and Career Outcomes,Workforce Success,Earnings,,General,,,Earnings,Earnings
Earnings amount,Workforce and Career Outcomes,Workforce Success,Earnings,,General,,,Earnings,Earnings
Employee income level,Workforce and Career Outcomes,Workforce Success,Employee income level,,General,,,Employee income level,Employee income level
Employee race/ethnicity,Workforce and Career Outcomes,Workforce Success,Employee race/ethnicity,,General,,,Employee race/ethnicity,Employee race/ethnicity
Employment date,Workforce and Career Outcomes,Workforce Transitions,Employment date,,General,,,Employment date,Employment date
Employment status,Workforce and Career Outcomes,Workforce Transitions,Employment status,,General,,,Employment status,Employment status
Enlistment in the military,Workforce and Career Outcomes,Workforce Transitions,Enlistment in the military,,General,,,Enlistment in the military,Enlistment in the military
Enrollment in noncredit CTE date,Workforce and Career Outcomes,Workforce Transitions,Enrollment in noncredit CTE date,,General,,,Enrollment in noncredit CTE date,Enrollment in noncredit CTE date
Enrollment in workforce training program,Workforce and Career Outcomes,Workforce Transitions,Enrollment in workforce training program,,General,,,Enrollment in workforce training program,Enrollment in workforce training program
In-demand status,Workforce and Career Outcomes,Workforce Success,In-demand status,,General,,,In-demand status,In-demand status
Industry-recognized credential attainment,Workforce and Career Outcomes,Workforce Success,Industry-recognized credential attainment,,General,,,Industry-recognized credential attainment,Industry-recognized credential attainment
Learning and development plan offered,Workforce and Career Outcomes,Workforce Success,Learning and development plan offered,,General,,,Learning and development plan offered,Learning and development plan offered
Location-adjusted cost of living in county or MSA,Workforce and Career Outcomes,Workforce Success,Location-adjusted cost of living in county or MSA,,General,,,Location-adjusted cost of living in county or MSA,Location-adjusted cost of living in county or MSA
Net worth,Workforce and Career Outcomes,Workforce Success,Net worth,,General,,,Net worth,Net worth
Occupation category,Workforce and Career Outcomes,Workforce Success,Occupation category,,General,,,Occupation category,Occupation category
On-the-job training offered,Workforce and Career Outcomes,Workforce Success,On-the-job training offered,,General,,,On-the-job training offered,On-the-job training offered
Participation in work-based learning,Workforce and Career Outcomes,Workforce Transitions,Participation in work-based learning,,General,,,Participation in work-based learning,Participation in work-based learning
Post-credential earnings,Workforce and Career Outcomes,Workforce Success,Earnings,,General,,,Earnings,Earnings
Results on job quality index,Workforce and Career Outcomes,Workforce Success,Job quality index,,General,,,Job quality index,Job quality index
Workforce development program participation,Workforce and Career Outcomes,Workforce Transitions,Workforce development program participation,,Workforce,Workforce,,Workforce development program participation,Workforce development program participation